{
  "jwtPrivateKey": "bbfbb84b8b67aaaa76114401ccc53f56e99d699fa6cefba3e7ce4b20d70ce02b",
  "dbLocal": "mongodb://localhost:27017/sanabliss-global",
  "db": "mongodb+srv://deevcorp:deevcorp@grocerystore.gsf76.mongodb.net/grocerystore?retryWrites=true&w=majority",
  "port": "3900",
  "requiresAuth": true,
  "frontEndUrl": "http://localhost:3000",
  "tokenExpiration": 3600,
  "cosmosdbUrl": "mongodb://localhost:C2y6yDjf5%2FR%2Bob0N8A7Cgv30VRDJIWEHLM%2B4QDU5DE2nQ9nDuVTqobD4b8mGGyPMbIZnqyMsEcaGQy67XIw%2FJw%3D%3D@localhost:10255/admin?ssl=true",
  "email": {
    "user": "info@sanabliss.dontfogettosayhi.com",
    "pass": "info@sanabliss",
    "host": "dontfogettosayhi.com"
  },
  "adminEmail": "aboayosam@gmail.com",
  "PAYSTACK_PUBLIC_KEY": "pk_test_4077252ade018e67b7a08c85e3aa4a9d33563cb4",
  "PAYSTACK_SECRET_KEY": "sk_test_9955913f0056b1f16ab373aa35a8a5c62112b9b0"
}
