{
  "jwtPrivateKey": "bbfbb84b8b67aaaa76114401ccc53f56e99d699fa6cefba3e7ce4b20d70ce02b",
  "port": "3900",
  "requiresAuth": true,
  "frontEndUrl": "http://localhost:3000",
  "tokenExpiration": 3600,
  "cosmosdbUrl": "mongodb://localhost:C2y6yDjf5%2FR%2Bob0N8A7Cgv30VRDJIWEHLM%2B4QDU5DE2nQ9nDuVTqobD4b8mGGyPMbIZnqyMsEcaGQy67XIw%2FJw%3D%3D@localhost:10255/admin?ssl=true",
  "email": {
    "user": "info@sanablissglobal.com",
    "pass": "info@sanabliss",
    "host": "sanablissglobal.com"
  },
  "adminEmail": "aboayosam@gmail.com",
  "PAYSTACK_PUBLIC_KEY": "pk_live_05098d85ff812eab3cdef73669fd37f8f4ba6e96",
  "PAYSTACK_SECRET_KEY": "sk_live_fcaa742b54eb49e6f3b21f65f0e52d9338ea89aa"
}
